<?xml version="1.0" encoding="UTF-8"?>
<!DOCTYPE mapper
  PUBLIC "-//mybatis.org//DTD Mapper 3.0//EN"
  "http://mybatis.org/dtd/mybatis-3-mapper.dtd">
  
  <mapper namespace="com.kami.kami.dao.BoardMapper">
  <!--게시글 조회  -->
  <select id="select" resultType="Board">
 select 
  	BOARDSEQ
	,ID
	,BRD_TITLE
	,BRD_CONTENT
	,BRD_DATE
	,BRD_SAVFILE
	,BRD_ORGFILE
FROM board  
WHERE
	<choose>
		<when test="searchItem=='title'">brd_title</when>
		<when test="searchItem=='content'">brd_content</when>
		<when test="searchItem=='id'">id</when>
	</choose>
	LIKE '%' || #{searchWord} ||'%'

  </select>
  
  <insert id="insert" parameterType="Board">
INSERT INTO board
(
	 BOARDSEQ
	,ID
	,BRD_TITLE
	,BRD_CONTENT
	,BRD_DATE
	,BRD_SAVFILE
	,BRD_ORGFILE
)
VALUES
(
	boardseq.nextval
	, #{id}
	, #{brd_title}
	, #{brd_content}
	, SYSDATE
	, #{brd_savfile}
	, #{brd_orgfile}
)
</insert>

<select id="selectOne" parameterType="int" resultType="Board">
SELECT 
	 BOARDSEQ
	,ID
	,BRD_TITLE
	,BRD_CONTENT
	,BRD_DATE
	,BRD_SAVFILE
	,BRD_ORGFILE
FROM board
WHERE 
	BOARDSEQ = #{boardseq}
</select>
  
<delete id="delete" parameterType="int">
DELETE board
WHERE
	BOARDSEQ = {#boardseq}
</delete>

<update id="update" parameterType="Board">
UPDATE board
SET
	BRD_TITLE = #{brd_title}
	, brd_content = #{brd_content}
	, BRD_DATE = sysdate
WHERE
	 BOARDSEQ = #{boardseq}	
</update>  

<select id="boardCount" resultType="int">
SELECT COUNT(*) FROM board
</select>
  
  </mapper>